{
  "files": [
    {
      "file": "cogent_centers_easy_s1.json",
      "dqn": {
        "ar": 12.54996003197442,
        "delay": 2.2989428684032025,
        "throughput": 644.0299973112733
      },
      "vae_dqn": {
        "ar": 12.509992006394885,
        "delay": 2.3231978611914097,
        "throughput": 642.8186567727379
      }
    },
    {
      "file": "test.json",
      "dqn": {
        "ar": 33.33333333333333,
        "delay": 1.5,
        "throughput": 1.5
      },
      "vae_dqn": {
        "ar": 33.33333333333333,
        "delay": 1.37,
        "throughput": 1.5
      }
    }
  ],
  "summary": {
    "dqn": {
      "avg_ar": 22.941646682653875,
      "avg_delay": 1.8994714342016012,
      "avg_throughput": 322.76499865563665
    },
    "vae_dqn": {
      "avg_ar": 22.921662669864105,
      "avg_delay": 1.846598930595705,
      "avg_throughput": 322.15932838636894
    }
  }
}