Algorithm,Difficulty,Topology,AR,Cost,Delay
BestFit,easy,cogent,0.7685851318944844,314.88426258603135,2.3560171428135237
DeadlineAwareGreedy,easy,cogent,0.7881694644284573,274.58659059921155,2.319370907178941
GreedyFIFS,easy,cogent,0.7885691446842525,275.1428491733469,2.387012460901232
HRL-VGAE,easy,cogent,0.7717825739408474,302.4419456559869,2.422156735458408
